date,ticker,company,industry,ret,market_cap,log_market_cap,momentum_12_1
2022-01-31,XOM,Exxon Mobil,energy,0.017530756664976974,45895.37345924542,10.734119594873498,0.017530756664976974
2022-01-31,NEE,NextEra Energy,utilities,-0.027714818226569623,79840.74892000931,11.287789291201989,-0.027714818226569623
2022-01-31,AAPL,Apple,technology,0.06835436667596617,65716.85681869247,11.093110744146424,0.06835436667596617
2022-01-31,MSFT,Microsoft,technology,0.08689055540111396,77159.3675042137,11.253628269788216,0.08689055540111396
2022-01-31,TSLA,Tesla,automobiles,-0.016523232600806702,68122.49593883613,11.129062774428874,-0.016523232600806702
2022-01-31,DAL,Delta Air Lines,airlines,-0.01601975119584379,72218.93914120829,11.187457605457544,-0.01601975119584379
2022-01-31,WMT,Walmart,retail,0.01884925373666688,57256.59851960484,10.955298172759159,0.01884925373666688
2022-01-31,DUK,Duke Energy,utilities,-0.013805639290477432,79054.23924092556,11.27788946853591,-0.013805639290477432
2022-01-31,CAT,Caterpillar,industrials,0.019333380977088872,47576.07378360521,10.770085262242912,0.019333380977088872
2022-01-31,JPM,JPMorgan Chase,financials,0.004499405109089732,72860.9577059024,11.196308214943672,0.004499405109089732
2022-02-28,XOM,Exxon Mobil,energy,0.03884563571462518,68537.77296758676,11.13514030245231,0.05374677887985561
2022-02-28,NEE,NextEra Energy,utilities,0.015856015237561867,43736.80442126499,10.685945233063114,-0.007701580255022312
2022-02-28,AAPL,Apple,technology,-0.0029357209020259775,80636.56419902937,11.297707475738644,0.05516549077254527
2022-02-28,MSFT,Microsoft,technology,0.08543104356192516,79229.50084841522,11.280103993906819,0.159288015652872
2022-02-28,TSLA,Tesla,automobiles,0.0015380326495847974,64942.429932489096,11.081256463073352,-0.012506715061100898
2022-02-28,DAL,Delta Air Lines,airlines,0.03384574201507036,57327.80332576499,10.956541008855153,0.02022895349860314
2022-02-28,WMT,Walmart,retail,0.07860407470587596,66056.0195508531,11.098258442071138,0.0946259403820428
2022-02-28,DUK,Duke Energy,utilities,0.0455448031767006,52767.60154831986,10.87365267432111,0.033810009779794786
2022-02-28,CAT,Caterpillar,industrials,0.03907276552845018,68937.17620460645,11.140950879043489,0.05550613935897572
2022-02-28,JPM,JPMorgan Chase,financials,-0.04842650882595862,54074.34155726679,10.898115074274944,-0.04460201448323235
2022-03-31,XOM,Exxon Mobil,energy,-0.0845853358436965,48872.178796444816,10.796963572786751,-0.03890057379581924
2022-03-31,NEE,NextEra Energy,utilities,0.02856114140056934,75276.95337979561,11.228929302927497,0.022014798183800373
2022-03-31,AAPL,Apple,technology,0.05447387118088176,56837.19458904872,10.947946224713045,0.10136453833754525
2022-03-31,MSFT,Microsoft,technology,-0.00984096603681791,88458.74449769412,11.390291558440003,0.1255538472681233
2022-03-31,TSLA,Tesla,automobiles,-0.01839538884002568,38311.66840376821,10.553509786831727,-0.029026096641961444
2022-03-31,DAL,Delta Air Lines,airlines,-0.10007166877884252,38491.460862619395,10.558191699899435,-0.08287705830502985
2022-03-31,WMT,Walmart,retail,0.03040884243240142,64205.81151519381,11.069849007624697,0.1108408917571378
2022-03-31,DUK,Duke Energy,utilities,0.003429647103028101,44376.33335585611,10.700461573782214,0.03216815541585367
2022-03-31,CAT,Caterpillar,industrials,-0.014021709777618,68799.83584113454,11.138956637888567,0.03315850867751136
2022-03-31,JPM,JPMorgan Chase,financials,-0.017668984088209994,70959.97985883235,11.169871333145094,-0.05558069639895749
2022-04-30,XOM,Exxon Mobil,energy,0.006802932706804279,53975.521197394104,10.896285911610478,-0.026262555019642073
2022-04-30,NEE,NextEra Energy,utilities,0.021628614996205532,56700.03349303202,10.945530080421701,0.04034119345243585
2022-04-30,AAPL,Apple,technology,-0.05065193583262137,62448.570575142585,11.042098626182758,0.035507921754292085
2022-04-30,MSFT,Microsoft,technology,-0.12051140489406761,39478.46588061299,10.583510634651919,-0.01379063471616282
2022-04-30,TSLA,Tesla,automobiles,-0.10222410522409249,42233.271364339555,10.650963610339481,-0.12689628736975972
2022-04-30,DAL,Delta Air Lines,airlines,-0.007643238890192909,38680.16945964618,10.563082330623978,-0.07808873844946829
2022-04-30,WMT,Walmart,retail,-0.04080164908679014,96252.46904389557,11.474729904225123,0.05341310890677699
2022-04-30,DUK,Duke Energy,utilities,-0.03236844909048624,66711.354444219,11.10813044896348,-0.00502551698701062
2022-04-30,CAT,Caterpillar,industrials,-0.07293440266297155,51436.16764850839,10.848096854746329,-0.04474967028708689
2022-04-30,JPM,JPMorgan Chase,financials,-0.07424911671676583,53709.13745307689,10.891338423434803,-0.12149270865587969
2022-05-31,XOM,Exxon Mobil,energy,0.026984115371148063,50082.98827261576,10.821436673974144,0.0046609436044523014
2022-05-31,NEE,NextEra Energy,utilities,0.034594243386463004,102808.42788525147,11.54062261196232,0.06888425782103347
2022-05-31,AAPL,Apple,technology,0.03863490442528499,44881.271799892915,10.711775877582346,0.06881663791643326
2022-05-31,MSFT,Microsoft,technology,0.06114323533575711,70756.4402329409,11.166998839390118,0.04942119582701871
2022-05-31,TSLA,Tesla,automobiles,0.13447171565034294,80200.8134098077,11.292288936070102,0.026609871386047174
2022-05-31,DAL,Delta Air Lines,airlines,0.08657193258151266,88623.82555747224,11.392156011926845,0.020196504899464618
2022-05-31,WMT,Walmart,retail,-0.024763781296724255,48829.355764760185,10.796086963537588,0.020637361274036183
2022-05-31,DUK,Duke Energy,utilities,-0.014212775994209774,44961.71230398849,10.71356656889548,-0.0184844654331688
2022-05-31,CAT,Caterpillar,industrials,-0.026323667542874796,69030.43901062552,11.142302831385042,-0.06436088728689865
2022-05-31,JPM,JPMorgan Chase,financials,0.0328677928106515,36142.24916257661,10.49521779692407,-0.07040100954684624
2022-06-30,XOM,Exxon Mobil,energy,-0.179702335640246,50700.90359567411,10.833699011820341,-0.17574053357646155
2022-06-30,NEE,NextEra Energy,utilities,-0.060466449556658156,50747.871692807326,10.834624958937109,-0.0019148304087797108
2022-06-30,AAPL,Apple,technology,-0.055756085040180384,61127.87067938198,11.020723189754264,0.00273805718878789
2022-06-30,MSFT,Microsoft,technology,0.03920676596152505,69214.59284285503,11.14496699860587,0.08121478241449095
2022-06-30,TSLA,Tesla,automobiles,-0.04563629990858837,41669.35254050654,10.637521186510966,-0.02301790923044827
2022-06-30,DAL,Delta Air Lines,airlines,-0.14869606413184538,44792.33149766333,10.709792231824332,-0.13152903496730045
2022-06-30,WMT,Walmart,retail,-0.020706365171550018,113411.20441419713,11.638775469752959,-0.003164608088619264
2022-06-30,DUK,Duke Energy,utilities,-0.02593558397420285,72689.98011052054,11.19395882885807,-0.041647379592396325
2022-06-30,CAT,Caterpillar,industrials,-0.06405080280828121,36507.37893546819,10.505269681754042,-0.11875755700214506
2022-06-30,JPM,JPMorgan Chase,financials,-0.07584716181281481,46918.66630130244,10.756170877412487,-0.1356880199276341
2022-07-31,XOM,Exxon Mobil,energy,0.1080326191115344,36710.72797051308,10.510824306599712,-0.04134683442845792
2022-07-31,NEE,NextEra Energy,utilities,0.09868920194127817,50048.89876883998,10.820755781880726,0.09706159609381541
2022-07-31,AAPL,Apple,technology,0.055248459186048995,41057.21451901519,10.622721848988132,0.057575807796518705
2022-07-31,MSFT,Microsoft,technology,0.1323190253609385,113855.10836506437,11.642681939743651,0.20135159041325582
2022-07-31,TSLA,Tesla,automobiles,0.14513190699475714,57438.87316114231,10.958476585861542,0.12556668414887612
2022-07-31,DAL,Delta Air Lines,airlines,0.16057289664473995,83876.4875634417,11.337100609597387,0.04877321692253457
2022-07-31,WMT,Walmart,retail,0.10564024157317978,52900.8914445503,10.876175469208192,0.1029503246978534
2022-07-31,DUK,Duke Energy,utilities,0.13389667090872487,59878.01889866129,11.000064753461565,0.098496398255188
2022-07-31,CAT,Caterpillar,industrials,0.1915005744074174,58931.5602039363,10.984132053027666,0.0905566509555941
2022-07-31,JPM,JPMorgan Chase,financials,0.03572209261724195,37464.319546828345,10.531144280264018,-0.07961272432124704
2022-08-31,XOM,Exxon Mobil,energy,0.09380454044273245,40210.69190375835,10.601888206999142,0.05865973117854322
2022-08-31,NEE,NextEra Energy,utilities,0.056614447486155836,55425.49611316376,10.922794985516418,0.13911680416589894
2022-08-31,AAPL,Apple,technology,0.12377286838642185,105094.86016759269,11.562618651459799,0.17271230501346274
2022-08-31,MSFT,Microsoft,technology,0.11257261913894398,82074.16573460857,11.3153785776469,0.2837214709902114
2022-08-31,TSLA,Tesla,automobiles,-0.004508801794165879,58861.85632869941,10.98294855932446,0.10222287973237881
2022-08-31,DAL,Delta Air Lines,airlines,0.05510180987059881,34662.56027563365,10.453415428851729,0.0965590442547532
2022-08-31,WMT,Walmart,retail,0.028433926719155928,54342.22324563886,10.903056795754715,0.11594170271233131
2022-08-31,DUK,Duke Energy,utilities,0.09177361311570187,32395.10301325413,10.385762548791153,0.17549555163261166
2022-08-31,CAT,Caterpillar,industrials,0.07779697968164967,46655.24804967084,10.750540698333248,0.15477013299390466
2022-08-31,JPM,JPMorgan Chase,financials,0.06496391021122772,85902.24467228581,11.360965238856611,-0.0027069054618322624
2022-09-30,XOM,Exxon Mobil,energy,-0.017153385669544698,47651.596992085964,10.771671423569755,0.03270738583221704
2022-09-30,NEE,NextEra Energy,utilities,0.03364353621493068,141650.19942608857,11.86111591313687,0.1518928197559448
2022-09-30,AAPL,Apple,technology,0.13481524561036798,47636.989429837005,10.771364827304412,0.28162070487181134
2022-09-30,MSFT,Microsoft,technology,0.014952987029310295,39253.476767727,10.57779529935705,0.25611623737099
2022-09-30,TSLA,Tesla,automobiles,0.006362923644145202,66867.06020589142,11.110461751256619,0.09325237141666719
2022-09-30,DAL,Delta Air Lines,airlines,0.1130121638485731,41143.47621285263,10.624820656789735,0.1950873514651133
2022-09-30,WMT,Walmart,retail,-0.010826346626327192,28809.164853791437,10.268448839591471,0.08772410067915443
2022-09-30,DUK,Duke Energy,utilities,0.017537532917168343,35530.79114942302,10.478154955849153,0.16670875180488823
2022-09-30,CAT,Caterpillar,industrials,0.0044712667021979575,40664.010918879365,10.613098727641344,0.13602587974701694
2022-09-30,JPM,JPMorgan Chase,financials,0.023173342061235898,32689.03772866639,10.394795063025178,0.020872472418678473
2022-10-31,XOM,Exxon Mobil,energy,-0.12099073247272077,52028.37089049244,10.859544442829177,-0.09318945451533629
2022-10-31,NEE,NextEra Energy,utilities,0.05516408935320941,41547.80714304147,10.634600022550115,0.18427298614576249
2022-10-31,AAPL,Apple,technology,-0.06685482563558431,84294.18414397625,11.342068151621609,0.17252277350545533
2022-10-31,MSFT,Microsoft,technology,-0.026237710126628216,57431.337055518845,10.958345375069465,0.19146109163871328
2022-10-31,TSLA,Tesla,automobiles,-0.08021017945017844,37004.19142882189,10.518786467070507,-0.0009456637460113354
2022-10-31,DAL,Delta Air Lines,airlines,-0.11079926166990109,48376.25525875704,10.786764378496864,0.0550249870754452
2022-10-31,WMT,Walmart,retail,-0.031838717447986345,50293.71879368842,10.825635473413344,0.04272676812929492
2022-10-31,DUK,Duke Energy,utilities,-0.034875211611209676,73456.63684776501,11.204450536236939,0.10682722742294531
2022-10-31,CAT,Caterpillar,industrials,-0.06047533283400817,62512.05786393887,11.043114742939721,0.05514666495095622
2022-10-31,JPM,JPMorgan Chase,financials,-0.04896191959012931,60477.67318130495,11.010029537581994,-0.03122031803425261
2022-11-30,XOM,Exxon Mobil,energy,-0.10761593530358587,70045.48064699893,11.1569000335811,-0.1868269716416217
2022-11-30,NEE,NextEra Energy,utilities,0.0016101375511261909,69428.3240799886,11.148050191187062,0.15824217577502428
2022-11-30,AAPL,Apple,technology,-0.11201257020215112,88840.99417286963,11.394603468545363,0.034631787277485906
2022-11-30,MSFT,Microsoft,technology,0.010921949312303737,44415.74312473569,10.701349260454933,0.17366387720521
2022-11-30,TSLA,Tesla,automobiles,-0.05258429692834905,65663.66593094188,11.092301021524781,-0.05338811111245869
2022-11-30,DAL,Delta Air Lines,airlines,-0.038130332124394234,47941.6576490975,10.777740084968755,0.008640906889734186
2022-11-30,WMT,Walmart,retail,-0.019415668799185586,55927.30031354038,10.931807917627589,0.016902084110715098
2022-11-30,DUK,Duke Energy,utilities,-0.017379747255378622,86251.45381240976,11.365022190547604,0.07342339605412489
2022-11-30,CAT,Caterpillar,industrials,-0.16848170206352056,50873.752798215704,10.837102407421611,-0.12160703685520777
2022-11-30,JPM,JPMorgan Chase,financials,-0.007458585148578934,67077.09418774967,11.113597896390484,-0.033995855477693654
2022-12-31,XOM,Exxon Mobil,energy,-0.017068367473191463,31935.883182874153,10.371485521253616,-0.1758712933685699
2022-12-31,NEE,NextEra Energy,utilities,-0.020015544933556232,92504.78095313066,11.435015608144633,0.11449030447521441
2022-12-31,AAPL,Apple,technology,0.028786303248876783,117748.82839507314,11.676309061893479,0.05822332243473981
2022-12-31,MSFT,Microsoft,technology,0.06218349450269473,76395.59661966568,11.243680337625351,0.20979779012712324
2022-12-31,TSLA,Tesla,automobiles,0.08872825108454302,69818.03284218711,11.153647605558405,0.04334835663895313
2022-12-31,DAL,Delta Air Lines,airlines,0.03327570661139119,47867.888207740725,10.776200166262852,0.04062047746766525
2022-12-31,WMT,Walmart,retail,0.0014866332739117824,47853.60156405208,10.775901661844904,0.015853404768019615
2022-12-31,DUK,Duke Energy,utilities,0.04835041909783748,34118.45543293996,10.437593731909796,0.11076030574384363
2022-12-31,CAT,Caterpillar,industrials,0.035984942025459356,51703.053976971365,10.853272129873194,-0.06738103930146724
2022-12-31,JPM,JPMorgan Chase,financials,0.06102621055524826,78653.24340171709,11.272804146055941,0.03212973339920866
2023-01-31,XOM,Exxon Mobil,energy,0.1731790023675383,36147.907785687275,10.495374349997437,0.023688403004253872
2023-01-31,NEE,NextEra Energy,utilities,-0.008630891432485167,59365.80893715092,10.99147373250669,0.08868586737144707
2023-01-31,AAPL,Apple,technology,-0.0003437977674350806,50772.030585220804,10.835100902911195,0.049146026302093755
2023-01-31,MSFT,Microsoft,technology,0.0788938460840152,98160.50388136362,11.494359212637344,0.25722196769206995
2023-01-31,TSLA,Tesla,automobiles,0.1293753994980085,26850.74031984666,10.198048671990666,0.16622150264111865
2023-01-31,DAL,Delta Air Lines,airlines,0.14988251428342614,54459.45455335434,10.905211750631402,0.1844099201309416
2023-01-31,WMT,Walmart,retail,0.0767135865418077,107545.94048163002,11.585673388577922,0.09018898059462437
2023-01-31,DUK,Duke Energy,utilities,-0.03493558705362801,41903.046042648915,10.643113801183112,0.05921067282863908
2023-01-31,CAT,Caterpillar,industrials,0.12298796589226976,31775.218108589404,10.36644196019112,0.0657140824860226
2023-01-31,JPM,JPMorgan Chase,financials,0.1457518362667273,68797.6464282946,11.13892481444523,0.17306210965605467
2023-02-28,XOM,Exxon Mobil,energy,0.01753056781587574,43842.76377360162,10.688364961915875,0.037665710369491526
2023-02-28,NEE,NextEra Energy,utilities,0.026670850515350657,67116.67840619363,11.114187852523722,0.10205383778108067
2023-02-28,AAPL,Apple,technology,0.10585510053578087,44334.23121530761,10.699512371307556,0.14762922289256056
2023-02-28,MSFT,Microsoft,technology,0.04287824057029273,110030.12178310691,11.60850944168064,0.2615169131085522
2023-02-28,TSLA,Tesla,automobiles,0.020062950311219116,44900.87197625702,10.712212493948387,0.16135122755616998
2023-02-28,DAL,Delta Air Lines,airlines,0.08290897449423915,71363.00070941224,11.175534816669861,0.2396574066055395
2023-02-28,WMT,Walmart,retail,0.041777268901460905,97259.33111563223,11.485136206652946,0.11843790240689162
2023-02-28,DUK,Duke Energy,utilities,0.08940495200738302,69191.7575118835,11.144637023411521,0.13973402391172624
2023-02-28,CAT,Caterpillar,industrials,0.08341387111848911,124826.31687977958,11.734678585121129,0.13927084123160832
2023-02-28,JPM,JPMorgan Chase,financials,0.03460265774053318,29994.436629888085,10.30876719777672,0.18170545094817964
2023-03-31,XOM,Exxon Mobil,energy,-0.009231004460550092,53845.42991866329,10.893872812105947,0.022784849353517704
2023-03-31,NEE,NextEra Energy,utilities,0.08797135530834137,64646.93427691758,11.076695962764992,0.17471711742225993
2023-03-31,AAPL,Apple,technology,0.03841637905407114,28608.632793224562,10.261463797178573,0.1639012185127476
2023-03-31,MSFT,Microsoft,technology,0.12361178367597887,55541.09011459412,10.924878388226583,0.3459011598182482
2023-03-31,TSLA,Tesla,automobiles,0.13660721927882713,76548.80338676584,11.245683769177445,0.27375576270157165
2023-03-31,DAL,Delta Air Lines,airlines,0.09925914604787361,69289.35597046679,11.146046579881547,0.3029679416625822
2023-03-31,WMT,Walmart,retail,0.09543105378942483,73535.43272725333,11.205522646960512,0.1961032708352827
2023-03-31,DUK,Duke Energy,utilities,-0.008890925278022207,48394.23650597351,10.78713600515899,0.10988299504694508
2023-03-31,CAT,Caterpillar,industrials,0.08213474695000392,73657.77376304865,11.207184966396097,0.200514961996871
2023-03-31,JPM,JPMorgan Chase,financials,0.06627550012498616,72577.37691469061,11.19240853950624,0.22072513343093886
2023-04-30,XOM,Exxon Mobil,energy,-0.1095181640772725,60012.122646517884,11.002301864904707,-0.09015104212678245
2023-04-30,NEE,NextEra Energy,utilities,-0.005405971501062059,62895.28808533753,11.049226528679647,0.14310357830785886
2023-04-30,AAPL,Apple,technology,0.09774469456516871,102200.32597170716,11.534690146293691,0.23706073030100416
2023-04-30,MSFT,Microsoft,technology,0.04073599419568236,105214.35889292802,11.563755061349289,0.33475198004119333
2023-04-30,TSLA,Tesla,automobiles,0.018673067704110632,44663.44325197946,10.706910621660388,0.2513654660004465
2023-04-30,DAL,Delta Air Lines,airlines,-0.05980753096400989,31628.447141209253,10.361812220602243,0.19771521944918494
2023-04-30,WMT,Walmart,retail,-0.02621605893837068,53889.673871985724,10.89469415917395,0.1404717212716196
2023-04-30,DUK,Duke Energy,utilities,0.010904313878760709,94114.69159975013,11.452269440908093,0.10430485966866404
2023-04-30,CAT,Caterpillar,industrials,-0.08766770651554845,63417.15033697351,11.057489613890972,0.08277001118179189
2023-04-30,JPM,JPMorgan Chase,financials,-0.038461683634134824,71406.4857446535,11.17614398096212,0.1491546797821632
2023-05-31,XOM,Exxon Mobil,energy,0.013454453954581775,43207.28873302116,10.673764480672256,-0.0631739318531833
2023-05-31,NEE,NextEra Energy,utilities,0.027753343534203584,66614.1734782348,11.106672648875094,0.14939138509588362
2023-05-31,AAPL,Apple,technology,0.09013287432484843,56955.46053221484,10.950024847197465,0.29163449508070194
2023-05-31,MSFT,Microsoft,technology,-0.06206784682565333,95180.25994884124,11.463527845800193,0.22247133620936096
2023-05-31,TSLA,Tesla,automobiles,-0.006570731790394146,88442.45164655945,11.390107355602082,0.20708991430998538
2023-05-31,DAL,Delta Air Lines,airlines,0.022819195986726284,50721.332701623265,10.834101864428828,0.1908771325185335
2023-05-31,WMT,Walmart,retail,0.03228417937556179,120916.36606408123,11.702854396044204,0.15168514245643847
2023-05-31,DUK,Duke Energy,utilities,0.11310233861121621,52800.89378495666,10.874283397296471,0.20176146932958064
2023-05-31,CAT,Caterpillar,industrials,0.013671892785808694,80554.08129062019,11.296684055113236,0.08402640229033179
2023-05-31,JPM,JPMorgan Chase,financials,-0.034102295155815934,67953.20805210772,11.126574630416389,0.0926791826590228
2023-06-30,XOM,Exxon Mobil,energy,-0.0243480290909884,90946.88255155324,11.41803090685033,-0.07804587116619421
2023-06-30,NEE,NextEra Energy,utilities,0.06355394962303566,41909.51252085768,10.643268109280429,0.19053662695453671
2023-06-30,AAPL,Apple,technology,0.02912958029201403,55688.14782003177,10.927522617277384,0.27701890111061067
2023-06-30,MSFT,Microsoft,technology,-0.004558369830175834,69903.00919500741,11.154863977295383,0.184542265947781
2023-06-30,TSLA,Tesla,automobiles,0.04104869581745862,53170.52766925966,10.881259530640595,0.2170751229809462
2023-06-30,DAL,Delta Air Lines,airlines,0.059541339593887514,35607.857929863676,10.480321620850157,0.22178690223464098
2023-06-30,WMT,Walmart,retail,0.006207766494882636,151628.0564969858,11.92918580430854,0.13514013758285534
2023-06-30,DUK,Duke Energy,utilities,0.007999532066207404,85103.63918789444,11.35162507731216,0.17949678099635094
2023-06-30,CAT,Caterpillar,industrials,0.006249662648285033,67729.15278132724,11.123271983365429,0.07767210459506704
2023-06-30,JPM,JPMorgan Chase,financials,0.0026717100739717644,56974.401337115894,10.950357346592527,0.08144901533414114
2023-07-31,XOM,Exxon Mobil,energy,-0.012476731361703144,41438.44825129003,10.631964430558755,-0.07881572185296823
2023-07-31,NEE,NextEra Energy,utilities,0.03141051234989374,30915.34280386849,10.339007870524705,0.19336664526124997
2023-07-31,AAPL,Apple,technology,-0.04938127229339487,31991.189050827164,10.3732158017066,0.1860847936506242
2023-07-31,MSFT,Microsoft,technology,-0.11259246650869852,105593.46674917571,11.567351780434867,0.04426845954691534
2023-07-31,TSLA,Tesla,automobiles,0.01236947122781637,46545.32827372117,10.748181918350323,0.19688332576162063
2023-07-31,DAL,Delta Air Lines,airlines,-0.1255296961331249,18815.097908394866,9.84241490675542,0.06298917076631994
2023-07-31,WMT,Walmart,retail,-0.05416699221814375,142506.8366863899,11.86714525428659,0.060702124727283285
2023-07-31,DUK,Duke Energy,utilities,0.0002422050754751423,42368.0449349314,10.654149699882678,0.15281446892237344
2023-07-31,CAT,Caterpillar,industrials,-0.005499797862037522,32005.549110521813,10.373664576451946,0.06052149104376946
2023-07-31,JPM,JPMorgan Chase,financials,-0.043604238464746974,62618.56731306501,11.044817115555508,0.025627424569272993
2023-08-31,XOM,Exxon Mobil,energy,0.010900699951348507,33836.8769415473,10.429306520499903,-0.05609266362367448
2023-08-31,NEE,NextEra Energy,utilities,0.07453182286591896,54886.87921418114,10.913029604656728,0.23889347133798144
2023-08-31,AAPL,Apple,technology,0.05608355814471637,55001.32203016047,10.915112500837735,0.21425563274774695
2023-08-31,MSFT,Microsoft,technology,0.053714077433072875,68598.09446718596,11.136020035881907,0.09134226804795093
2023-08-31,TSLA,Tesla,automobiles,0.011628911013467776,103533.5824923824,11.547651307584466,0.1789797379108453
2023-08-31,DAL,Delta Air Lines,airlines,0.008888191790873572,38200.62922914927,10.550607266426264,0.06242898694224552
2023-08-31,WMT,Walmart,retail,-0.03350421423429411,71561.8137185152,11.178316882725099,0.018092591783896682
2023-08-31,DUK,Duke Energy,utilities,-0.051338794122954313,64415.83815425446,11.073114815927893,0.0785535044610631
2023-08-31,CAT,Caterpillar,industrials,-0.012173985153823237,82597.4784048483,11.321734431256747,0.0392692822333808
2023-08-31,JPM,JPMorgan Chase,financials,-0.13772725718455747,45922.10996778043,10.734701978713542,-0.11594394630067542
2023-09-30,XOM,Exxon Mobil,energy,-0.11275475882409912,59124.30519785302,10.987397374314666,-0.16043352290422241
2023-09-30,NEE,NextEra Energy,utilities,-0.005827959867611615,67155.31017867869,11.114763278179634,0.1972314907696726
2023-09-30,AAPL,Apple,technology,-0.048137509838460935,71235.48088287214,11.17374630028303,0.13397977799712396
2023-09-30,MSFT,Microsoft,technology,0.03227201773856847,63545.854356541175,11.059517040131622,0.10991294557932675
2023-09-30,TSLA,Tesla,automobiles,-0.10221491049776577,45993.959281237774,10.736265346874918,0.049917866726452736
2023-09-30,DAL,Delta Air Lines,airlines,-0.14312195827516933,34352.66486263578,10.444434874339622,-0.09005731937426065
2023-09-30,WMT,Walmart,retail,-0.10594510238059987,59591.12105819091,10.995261866421774,-0.09056639936428769
2023-09-30,DUK,Duke Energy,utilities,-0.017972285479350036,52464.90351177251,10.867899720493256,0.0487981933125536
2023-09-30,CAT,Caterpillar,industrials,-0.10433961615500927,75740.2193396616,11.235064597406987,-0.07096072625663558
2023-09-30,JPM,JPMorgan Chase,financials,-0.02238232557728235,57189.35693025624,10.954123092402293,-0.12093467993285645
2023-10-31,XOM,Exxon Mobil,energy,-0.03578349916110049,27745.03349932688,10.230812130159773,-0.17215199362968953
2023-10-31,NEE,NextEra Energy,utilities,0.06462335327743583,90833.4142071432,11.4167824947708,0.23227012043165757
2023-10-31,AAPL,Apple,technology,-0.022700116426312394,72926.6206673112,11.197209018243674,0.09118269487124298
2023-10-31,MSFT,Microsoft,technology,-0.1389582867991792,43707.6454516047,10.685278318907134,-0.04553228305675147
2023-10-31,TSLA,Tesla,automobiles,-0.03655024922148409,41140.71087628253,10.6247534425006,0.005879937496000735
2023-10-31,DAL,Delta Air Lines,airlines,0.0023626439671979305,106836.3801659122,11.579053785761797,-0.07418607750092361
2023-10-31,WMT,Walmart,retail,-0.07306701868810224,45564.6651732048,10.726887808570183,-0.15004845814774675
2023-10-31,DUK,Duke Energy,utilities,-0.011511270302698596,90571.11769557043,11.413890651974867,0.029967194012971963
2023-10-31,CAT,Caterpillar,industrials,-0.09079258981788929,60304.538354333155,11.00716264280743,-0.15110920713602954
2023-10-31,JPM,JPMorgan Chase,financials,0.08844701629186545,33924.213404874004,10.431884298137255,-0.014347461651062529
2023-11-30,XOM,Exxon Mobil,energy,-0.0641622604596922,72117.82551469236,11.186056525929432,-0.2104914550449283
2023-11-30,NEE,NextEra Energy,utilities,-0.06994774798858121,46966.25532010252,10.757184650914215,0.1274818543783277
2023-11-30,AAPL,Apple,technology,-0.037859508342901776,83870.0846114089,11.337024268817926,0.03964578229765475
2023-11-30,MSFT,Microsoft,technology,-0.04482251312936224,36316.989421968035,10.500040938915317,-0.08352495372760099
2023-11-30,TSLA,Tesla,automobiles,-0.03875795984409049,41688.98323661976,10.63799218191396,-0.03376001297248986
2023-11-30,DAL,Delta Air Lines,airlines,-0.049112771319327675,32263.535758487003,10.381692947610327,-0.11217093719511274
2023-11-30,WMT,Walmart,retail,-0.024136159124591987,46059.549080230456,10.737690383492419,-0.15167734855017673
2023-11-30,DUK,Duke Energy,utilities,-0.09397483639231351,66160.37830867653,11.099837047768839,-0.06850272148128733
2023-11-30,CAT,Caterpillar,industrials,-0.03333300850685575,44583.00981208662,10.705108119512486,-0.16177583457248085
2023-11-30,JPM,JPMorgan Chase,financials,0.02729276472261981,51832.4485726966,10.85577165245059,0.01509742231921666
2023-12-31,XOM,Exxon Mobil,energy,-0.0015201244453189391,19841.41867690199,9.895526884174677,-0.180437861233508
2023-12-31,NEE,NextEra Energy,utilities,0.08871909921288709,143238.2753005268,11.872264783412449,0.19707867543446564
2023-12-31,AAPL,Apple,technology,-0.038259105268819746,32601.27528570064,10.392106685782935,-0.004560190315813208
2023-12-31,MSFT,Microsoft,technology,-0.03743384227929342,59267.83151477768,10.989821967555766,-0.10843005294775426
2023-12-31,TSLA,Tesla,automobiles,-0.009939635188994734,40550.937761376015,10.610314185327352,-0.038635646215611115
2023-12-31,DAL,Delta Air Lines,airlines,0.059444458650573725,63804.409499073365,11.06357758135013,-0.0359008379652721
2023-12-31,WMT,Walmart,retail,-0.08938089598029315,78019.87306410384,11.26471885609321,-0.21830664224794338
2023-12-31,DUK,Duke Energy,utilities,0.14153676997042208,54731.03069683247,10.910186116352971,0.08330945671132786
2023-12-31,CAT,Caterpillar,industrials,-0.002699552860932118,52590.926032540396,10.870298874957367,-0.14020901224754084
2023-12-31,JPM,JPMorgan Chase,financials,0.029563905811038592,33000.06922165988,10.404264938072474,0.04239671478237275
2024-01-31,XOM,Exxon Mobil,energy,0.06711091096178716,34058.45061282558,10.435833463247324,-0.08626127108669464
2024-01-31,NEE,NextEra Energy,utilities,0.02939758894338211,89713.95345768816,11.404381592891058,0.1969144630626779
2024-01-31,AAPL,Apple,technology,-0.0009760118892538638,35518.64585012575,10.477813072790582,-0.004852173657695091
2024-01-31,MSFT,Microsoft,technology,0.013804798889841277,47769.94317468637,10.774151916822621,-0.07836074611574985
2024-01-31,TSLA,Tesla,automobiles,0.007138139702708834,58188.57337090124,10.971444280610207,-0.025702159580560612
2024-01-31,DAL,Delta Air Lines,airlines,-0.05418287459667616,30167.473340690558,10.314519581237763,-0.08469858686715745
2024-01-31,WMT,Walmart,retail,0.04461180549644686,50871.00817829598,10.83704845634061,-0.140948840414305
2024-01-31,DUK,Duke Energy,utilities,-0.10801858240912635,67825.62909917106,11.124695412812846,-0.03720554420449766
2024-01-31,CAT,Caterpillar,industrials,0.04532301501342505,43051.1323044255,10.67014381158723,-0.07385464539698466
2024-01-31,JPM,JPMorgan Chase,financials,-0.051988679165478315,81026.59910089395,11.302532763710017,-0.015951471600461474
2024-02-29,XOM,Exxon Mobil,energy,0.1205422693647484,38466.26792668717,10.557536978476948,0.047220188941057964
2024-02-29,NEE,NextEra Energy,utilities,-0.00662217482220399,49628.16975872258,10.812313890180805,0.16075511878107224
2024-02-29,AAPL,Apple,technology,0.06124591359734308,108491.92813258905,11.594431054103854,0.05712156598830225
2024-02-29,MSFT,Microsoft,technology,-0.00965966379445732,56462.34276963488,10.941329195272418,-0.07626629799284469
2024-02-29,TSLA,Tesla,automobiles,0.045861499894708155,54939.25915811633,10.913983474995485,0.024014664251231634
2024-02-29,DAL,Delta Air Lines,airlines,0.09606900974178373,24146.094999991976,10.091877948283333,0.024075210904699898
2024-02-29,WMT,Walmart,retail,-0.028359507368696586,46451.046942380024,10.746154283113494,-0.14816602172085583
2024-02-29,DUK,Duke Energy,utilities,-0.09615518306718504,36780.626968721415,10.512726544470919,-0.12777989564100806
2024-02-29,CAT,Caterpillar,industrials,-0.019247129218940312,51514.230605484605,10.849613370918409,-0.08202357780637727
2024-02-29,JPM,JPMorgan Chase,financials,0.08135616455553896,55505.02144250181,10.924228772083254,0.0677974136951467
2024-03-31,XOM,Exxon Mobil,energy,-0.0010575140143696884,45946.07121725248,10.735223622871645,0.03907964658552958
2024-03-31,NEE,NextEra Energy,utilities,0.02121529930839962,40852.473942643,10.617722660085775,0.157857150272311
2024-03-31,AAPL,Apple,technology,-0.03504635996614903,59650.540875655686,10.996258494972894,0.013506971123907884
2024-03-31,MSFT,Microsoft,technology,-0.10089109665132912,37902.89291035168,10.54278271824596,-0.16571744994524712
2024-03-31,TSLA,Tesla,automobiles,-0.0035366106126302824,52953.35264566612,10.877166666223708,0.016875854000916606
2024-03-31,DAL,Delta Air Lines,airlines,-0.10339529075163305,51345.746173781525,10.846337372076833,-0.08293136148263813
2024-03-31,WMT,Walmart,retail,0.03793521726179218,27494.513485171068,10.221741754119826,-0.08800590120093528
2024-03-31,DUK,Duke Energy,utilities,-0.10206128353796012,37308.99559554121,10.526989745336657,-0.21067419483281696
2024-03-31,CAT,Caterpillar,industrials,0.04884184960352835,61016.85668149519,11.018905444021753,-0.020878191531892333
2024-03-31,JPM,JPMorgan Chase,financials,0.014185754261273647,40576.47232803906,10.61094367830582,0.07181355590214834
2024-04-30,XOM,Exxon Mobil,energy,0.009199455494010668,61233.69559971164,11.022452898680562,0.04241715509171081
2024-04-30,NEE,NextEra Energy,utilities,-0.11555479494924667,26727.706570777973,10.193456005630699,0.018623782782217685
2024-04-30,AAPL,Apple,technology,0.004614909900397417,97314.5488452999,11.485703782641677,0.016095835355719117
2024-04-30,MSFT,Microsoft,technology,-0.10738971029838436,34168.43718877122,10.43905760770903,-0.2482495427518444
2024-04-30,TSLA,Tesla,automobiles,-0.048452606751903965,82933.41859246258,11.325793379222686,-0.03410813085112485
2024-04-30,DAL,Delta Air Lines,airlines,0.045512269678743056,63621.33507540569,11.060704150235507,-0.024979387581499354
2024-04-30,WMT,Walmart,retail,-0.05665906943161561,44685.4972855899,10.707404282445298,-0.13146408545241062
2024-04-30,DUK,Duke Energy,utilities,-0.020798692060163698,46409.40230825189,10.74525735364016,-0.1998717576680581
2024-04-30,CAT,Caterpillar,industrials,-0.09432467567511496,113217.32466695487,11.63706447780215,-0.11207113847722344
2024-04-30,JPM,JPMorgan Chase,financials,0.05823034825995013,90004.68821598316,11.4076170392444,0.11927187077677623
2024-05-31,XOM,Exxon Mobil,energy,0.032983385099129035,52014.457761834245,10.859276992800735,0.06903796692708322
2024-05-31,NEE,NextEra Energy,utilities,-0.11731529844438535,60431.5970493159,11.009267377093694,-0.10148508307950031
2024-05-31,AAPL,Apple,technology,-0.07753004555712222,41029.87196156161,10.622055664825991,-0.06384858550476097
2024-05-31,MSFT,Microsoft,technology,0.043040383532211984,119988.16228941671,11.695148369309996,-0.16797172780685576
2024-05-31,TSLA,Tesla,automobiles,0.031781188137051226,65468.52003231331,11.089324695899556,0.0027892769135951026
2024-05-31,DAL,Delta Air Lines,airlines,0.04316112135586839,53328.09666578634,10.884218613210638,0.021928641911593938
2024-05-31,WMT,Walmart,retail,-0.019638064840150078,41659.51281095117,10.637285020338306,-0.1313825374746991
2024-05-31,DUK,Duke Energy,utilities,0.018998113045265486,52634.9209561387,10.871135074948546,-0.15089288097258388
2024-05-31,CAT,Caterpillar,industrials,-0.09473892545705595,54289.222788006526,10.90208101086419,-0.18999939316269587
2024-05-31,JPM,JPMorgan Chase,financials,-0.037229342364209106,113453.28080788301,11.639146408325624,0.06415174779605069
2024-06-30,XOM,Exxon Mobil,energy,0.009237277309305764,29803.75172487062,10.302389561376897,0.0679195491973265
2024-06-30,NEE,NextEra Energy,utilities,0.06280496490013257,67301.82488737964,11.11694263097663,-0.023457355717442688
2024-06-30,AAPL,Apple,technology,-0.04111604005070555,61516.47947706643,11.027060376876705,-0.09538733772975237
2024-06-30,MSFT,Microsoft,technology,0.11206960493185532,94914.17190716595,11.460728308613712,-0.030706363703972075
2024-06-30,TSLA,Tesla,automobiles,0.11957397095994318,60695.18336494653,11.013619622415511,0.12194485633649901
2024-06-30,DAL,Delta Air Lines,airlines,0.020112213745783328,36341.12904590266,10.500705410424677,0.03875155937063818
2024-06-30,WMT,Walmart,retail,0.06265873808644205,69755.2532338218,11.152748012027807,-0.04901641876705218
2024-06-30,DUK,Duke Energy,utilities,0.10449546462496165,75734.78746203247,11.234992877619728,-0.023763484201734658
2024-06-30,CAT,Caterpillar,industrials,0.04220065802148846,35757.95147953538,10.484527942398696,-0.11929882616680304
2024-06-30,JPM,JPMorgan Chase,financials,0.030431151380964347,65253.23602340937,11.086030918183683,0.08496013700760743
2024-07-31,XOM,Exxon Mobil,energy,0.0047758709606906535,50798.46456433355,10.835621407998241,0.06250748777841818
2024-07-31,NEE,NextEra Energy,utilities,-0.059451734085961966,49591.04770712651,10.811565606647104,-0.07939048644578825
2024-07-31,AAPL,Apple,technology,0.08515463905345073,42756.31447791405,10.663272170542998,0.004075401983161225
2024-07-31,MSFT,Microsoft,technology,-0.10943310959494629,34144.411173525456,10.43835419636512,-0.13553351874332256
2024-07-31,TSLA,Tesla,automobiles,0.004107013177048334,60525.560797299426,11.010821047311445,0.1077601410630725
2024-07-31,DAL,Delta Air Lines,airlines,-0.009647247006011307,81224.03177027967,11.304966440124975,0.02329157845903114
2024-07-31,WMT,Walmart,retail,-0.1424745766270827,70163.03301252794,11.158576856050788,-0.18413853257907706
2024-07-31,DUK,Duke Energy,utilities,0.08320710676075167,34727.13789881328,10.4552767322879,0.06300814518927722
2024-07-31,CAT,Caterpillar,industrials,-0.021261054102756666,42467.2227933012,10.656487828969983,-0.12266505634453925
2024-07-31,JPM,JPMorgan Chase,financials,-0.045332559136110624,53949.74792221655,10.895808298241937,0.026883557320355696
2024-08-31,XOM,Exxon Mobil,energy,0.08091200795186722,52465.76105404712,10.867916065424991,0.13404337256352267
2024-08-31,NEE,NextEra Energy,utilities,0.22191777850616973,79059.02079617961,11.277949951195675,0.1544358650272497
2024-08-31,AAPL,Apple,technology,0.040974130387547186,90142.70048629203,11.40914925459655,0.04443822207323423
2024-08-31,MSFT,Microsoft,technology,0.05995278594419938,55192.78051746137,10.918587435984577,-0.0552507049876248
2024-08-31,TSLA,Tesla,automobiles,0.13990414512856889,60529.12636677705,11.010879955719904,0.23150026503218052
2024-08-31,DAL,Delta Air Lines,airlines,0.11196880813036415,53364.170090238214,10.884894827652852,0.13176664982054062
2024-08-31,WMT,Walmart,retail,0.078743566385125,70879.6086601034,11.168738064102651,-0.07777418630709049
2024-08-31,DUK,Duke Energy,utilities,-0.059321678826085626,65075.306123318405,11.083300434013337,-0.005764755415199989
2024-08-31,CAT,Caterpillar,industrials,0.01621410387356958,33362.750514662635,10.415195302554206,-0.08805119401928879
2024-08-31,JPM,JPMorgan Chase,financials,0.06353049689281888,62279.85832637218,11.039393351160058,0.08638152061512122
2024-09-30,XOM,Exxon Mobil,energy,-0.07289754574113666,59486.158671954945,10.993498937109678,0.0410393209378576
2024-09-30,NEE,NextEra Energy,utilities,-0.01838651393591948,30267.16714283631,10.31781881134083,0.11288397133724276
2024-09-30,AAPL,Apple,technology,-0.1462960223078037,63939.2215263454,11.06568824747474,-0.1085235335455546
2024-09-30,MSFT,Microsoft,technology,-0.05186328841815818,63183.783704001384,11.053802960248879,-0.09882638765763926
2024-09-30,TSLA,Tesla,automobiles,-0.03955999045025494,64792.55241245067,11.078945943828563,0.1572152348270985
2024-09-30,DAL,Delta Air Lines,airlines,0.01860660443301025,35994.20688682517,10.491113284678853,0.13060825678046978
2024-09-30,WMT,Walmart,retail,-0.09320871929416227,41661.66372217278,10.637336649739416,-0.1593167776551892
2024-09-30,DUK,Duke Energy,utilities,0.001426626050572066,79676.62883185344,11.285731582526255,-0.0034734160523479246
2024-09-30,CAT,Caterpillar,industrials,-0.050260075354888425,23026.593233629643,10.044405054544121,-0.1251035902712839
2024-09-30,JPM,JPMorgan Chase,financials,-0.12425787018530533,45181.23600613959,10.718437147021396,-0.05083357766245229
2024-10-31,XOM,Exxon Mobil,energy,-0.015086284297930866,26971.209884941556,10.202525275525856,0.019797138499248093
2024-10-31,NEE,NextEra Energy,utilities,0.014421896727083017,60833.360767202954,11.015893614304192,0.11037327236373937
2024-10-31,AAPL,Apple,technology,-0.01352307876413326,111959.96572600958,11.62589663750224,-0.10576808227785468
2024-10-31,MSFT,Microsoft,technology,-0.0373481974314169,134740.28095593373,11.811104359683426,-0.12135062694041028
2024-10-31,TSLA,Tesla,automobiles,-0.02844892152325531,38293.83684214603,10.55304424426042,0.10518402807977842
2024-10-31,DAL,Delta Air Lines,airlines,-0.027668799459034124,36436.05844425551,10.50331417988843,0.08334821880436519
2024-10-31,WMT,Walmart,retail,-0.04726873359336616,70190.03686947991,11.158961655005422,-0.182687994600277
2024-10-31,DUK,Duke Energy,utilities,0.008680667600466676,41449.92308327805,10.632241304911009,0.00572826395597094
2024-10-31,CAT,Caterpillar,industrials,0.03433665963057539,82878.2311785069,11.325127715307397,-0.07200139210001592
2024-10-31,JPM,JPMorgan Chase,financials,0.07020691581202687,72787.14889932246,11.195294692494002,0.026998374798942425
2024-11-30,XOM,Exxon Mobil,energy,0.1718641008019478,43503.56080239125,10.680598071252867,0.1886916685263087
2024-11-30,NEE,NextEra Energy,utilities,0.06817913978333745,54106.290556027525,10.898705734526516,0.1619964212925159
2024-11-30,AAPL,Apple,technology,0.08220196691702131,64350.876782982494,11.072105838152623,-0.0077009030191551725
2024-11-30,MSFT,Microsoft,technology,0.10289403323376843,98504.51241606781,11.497857637441511,-0.00025399966558030396
2024-11-30,TSLA,Tesla,automobiles,0.1773473095718476,66727.13886381846,11.108367028668209,0.26675373343965925
2024-11-30,DAL,Delta Air Lines,airlines,0.12430127787128734,35496.78548995982,10.47719742178505,0.19514726385499775
2024-11-30,WMT,Walmart,retail,0.05363708973823483,84889.12843691223,11.349101312709255,-0.1016477056720006
2024-11-30,DUK,Duke Energy,utilities,0.09175875953279934,55495.843579923465,10.924063406478266,0.09662778389537464
2024-11-30,CAT,Caterpillar,industrials,0.11571921160422527,65628.69795834868,11.091768348147836,0.05451802831921174
2024-11-30,JPM,JPMorgan Chase,financials,0.13080635852459066,66921.50905192099,11.11127570493499,0.1537549771036917
2024-12-31,XOM,Exxon Mobil,energy,0.021523401603162746,30734.77187368731,10.333149926951023,0.18191131985052514
2024-12-31,NEE,NextEra Energy,utilities,-0.06019426218213467,94815.61084195766,11.459689346014946,0.07750269591650386
2024-12-31,AAPL,Apple,technology,-0.05958763991783189,140789.63561968604,11.855022109341043,-0.06613340748411378
2024-12-31,MSFT,Microsoft,technology,-0.0347268804088567,75569.84915439581,11.232812661908444,-0.03494278012459996
2024-12-31,TSLA,Tesla,automobiles,0.060433572220718185,62683.873379989294,11.045859490667697,0.2871742456444285
2024-12-31,DAL,Delta Air Lines,airlines,-0.07458553674315993,51102.84204207717,10.841595391906997,0.09128963753358815
2024-12-31,WMT,Walmart,retail,-0.028085717825690634,37886.13229970498,10.542340421729453,-0.11448626764689114
2024-12-31,DUK,Duke Energy,utilities,-0.024339926084189133,39744.73931712336,10.590232767100897,0.05779369022687931
2024-12-31,CAT,Caterpillar,industrials,0.03164817893609048,55944.43001974781,10.93211415596484,0.07798850300742045
2024-12-31,JPM,JPMorgan Chase,financials,-0.0417659656251855,58269.6308108975,10.972836324282099,0.08892576491295245
2025-01-31,XOM,Exxon Mobil,energy,-0.004819878469083629,54294.56626397692,10.902179432111438,0.14980474340386274
2025-01-31,NEE,NextEra Energy,utilities,-0.07216105121000937,63596.810608918335,11.060318600412261,-0.006283759680981105
2025-01-31,AAPL,Apple,technology,0.07791544794927285,73206.18991811838,11.20103525809719,0.02170205158777614
2025-01-31,MSFT,Microsoft,technology,0.07616788575037967,40074.913365577304,10.598505815668238,0.046466522644469696
2025-01-31,TSLA,Tesla,automobiles,0.044177253844179205,53856.75329963199,10.894083084185343,0.2882753626419434
2025-01-31,DAL,Delta Air Lines,airlines,-0.022749458599904862,72019.6633860792,11.184694463296903,0.05484673330364506
2025-01-31,WMT,Walmart,retail,0.10436366353638518,114465.58843383059,11.648029519110125,0.007050336036527716
2025-01-31,DUK,Duke Energy,utilities,0.05866430006629522,49592.40799742687,10.811593036429436,0.10778893675914264
2025-01-31,CAT,Caterpillar,industrials,0.024956211742757133,72286.1628857576,11.188388005124486,0.09124643929906451
2025-01-31,JPM,JPMorgan Chase,financials,0.029197361289199038,63308.03059776829,11.05576746576904,0.10478426146520861
2025-02-28,XOM,Exxon Mobil,energy,0.09480005072788678,40489.80479654589,10.608805487985835,0.2221340826211701
2025-02-28,NEE,NextEra Energy,utilities,0.06745272962362565,67009.85058416476,11.112594911210437,0.062111533894791716
2025-02-28,AAPL,Apple,technology,-0.02769869394216644,106383.59662167403,11.574806676915184,-0.009251950092556721
2025-02-28,MSFT,Microsoft,technology,0.011354435000729479,36706.77529274685,10.510716629885186,0.050850979248528716
2025-02-28,TSLA,Tesla,automobiles,-0.006550492833645553,41882.953849391895,10.642634193762587,0.23848356541200635
2025-02-28,DAL,Delta Air Lines,airlines,0.06577998645727547,48250.058686109434,10.784152323058816,0.11239970976537376
2025-02-28,WMT,Walmart,retail,0.012811588850303611,75879.03358860347,11.236895687918867,0.01880437448135217
2025-02-28,DUK,Duke Energy,utilities,0.05313632003851762,57561.9336872444,10.9606167547255,0.14475691628378887
2025-02-28,CAT,Caterpillar,industrials,0.06657070660745934,68572.51886389217,11.135647133800783,0.14413018001166417
2025-02-28,JPM,JPMorgan Chase,financials,-0.07987904447573937,53233.68287372735,10.882446611707438,0.00918757776968794
2025-03-31,XOM,Exxon Mobil,energy,-0.07797687589533733,38377.58433806959,10.555228826936489,0.11083709433265723
2025-03-31,NEE,NextEra Energy,utilities,-0.05609680504502554,82879.88839742746,11.325147710936267,-0.003302001234452581
2025-03-31,AAPL,Apple,technology,-0.12408097305082035,85134.49028807566,11.351987523734874,-0.13194513062949356
2025-03-31,MSFT,Microsoft,technology,-0.05494539051113473,46902.34081723968,10.755822864004212,-0.01172205814988532
2025-03-31,TSLA,Tesla,automobiles,-0.05687468369205624,76458.10485760796,11.244498220880027,0.14583634690814917
2025-03-31,DAL,Delta Air Lines,airlines,-0.12059631860251713,40667.592032678316,10.613186789690321,-0.025056565301949427
2025-03-31,WMT,Walmart,retail,-0.1179881383146279,50605.6291992024,10.831818098083941,-0.10200442000547856
2025-03-31,DUK,Duke Energy,utilities,-0.03398455474382309,36883.928435906055,10.51553119140951,0.08905882409739745
2025-03-31,CAT,Caterpillar,industrials,-0.06550937318611587,35788.63145709777,10.485385564892562,0.05700127982379867
2025-03-31,JPM,JPMorgan Chase,financials,-0.09111680632039927,62841.86145716736,11.048376714100902,-0.08330736521616453
2025-04-30,XOM,Exxon Mobil,energy,0.1397037627299124,76796.74715683828,11.248917563510108,0.23391529291267105
2025-04-30,NEE,NextEra Energy,utilities,0.05996217864544543,87228.12569477492,11.376282100262735,0.057155477596160735
2025-04-30,AAPL,Apple,technology,0.09668868674946655,62875.49962921345,11.048911853759549,-0.01546467428560297
2025-04-30,MSFT,Microsoft,technology,0.07153675753063504,76822.91923249916,11.249258302121632,0.06157300810323252
2025-04-30,TSLA,Tesla,automobiles,0.23356789171428727,58274.817783610655,10.972925337062701,0.35752878658621406
2025-04-30,DAL,Delta Air Lines,airlines,0.1639318799913745,35949.9892069859,10.489884062926224,0.1426337994847175
2025-04-30,WMT,Walmart,retail,0.09092772794175173,34979.659314819095,10.462522009097466,0.004223970937094965
2025-04-30,DUK,Duke Energy,utilities,0.045481975263076714,55791.40566341811,10.929375116138196,0.12118197574586453
2025-04-30,CAT,Caterpillar,industrials,0.20055977194970515,147742.1496839932,11.903223801430325,0.249010859799934
2025-04-30,JPM,JPMorgan Chase,financials,0.08303014682754545,99942.97525086135,11.512355054825903,0.012218886393805597
2025-05-31,XOM,Exxon Mobil,energy,-0.10484241146936786,58025.37588750347,10.968635709148428,0.09398558750640253
2025-05-31,NEE,NextEra Energy,utilities,0.005075375796643319,47637.1827323637,10.77136888512034,0.05365753175337994
2025-05-31,AAPL,Apple,technology,0.04641053509918742,84814.88088510421,11.348226288520468,0.0332655619564249
2025-05-31,MSFT,Microsoft,technology,0.05975707147526242,52071.90194452959,10.860380772175661,0.11209412836301005
2025-05-31,TSLA,Tesla,automobiles,0.10218876500641133,104059.16660753392,11.55271492604357,0.40608823360469326
2025-05-31,DAL,Delta Air Lines,airlines,0.04020105502978364,74666.15794956808,11.22078222897043,0.1614397845917935
2025-05-31,WMT,Walmart,retail,0.0996378593702841,90720.14894240387,11.41553476074158,0.10322823466681483
2025-05-31,DUK,Duke Energy,utilities,0.028756197126474273,63539.78133716893,11.05942146647621,0.13176087651045912
2025-05-31,CAT,Caterpillar,industrials,0.04287538680912978,37644.11127318798,10.535931813908535,0.2545346176390737
2025-05-31,JPM,JPMorgan Chase,financials,0.06955199148312768,37626.54672234282,10.535465110105706,0.07993804491786244
2025-06-30,XOM,Exxon Mobil,energy,-0.021862422976623403,47460.1670941042,10.767646050719001,0.058025326403818744
2025-06-30,NEE,NextEra Energy,utilities,0.05088329194739687,51717.69946090051,10.853555351248792,0.09649219393776982
2025-06-30,AAPL,Apple,technology,-0.003965103085627815,45432.38690694799,10.723980497697886,0.024310624577333347
2025-06-30,MSFT,Microsoft,technology,0.0018617628488320943,65584.06229308044,11.091087992564972,0.09714177195739064
2025-06-30,TSLA,Tesla,automobiles,-0.07008012152357315,55130.57399753225,10.917459723238801,0.27509487704041613
2025-06-30,DAL,Delta Air Lines,airlines,-0.044235241235053284,48312.50480237087,10.785445704732016,0.0929885756679712
2025-06-30,WMT,Walmart,retail,0.08132262169987246,59014.8212632559,10.985543899192242,0.16906662116666507
2025-06-30,DUK,Duke Energy,utilities,-0.027621945786846975,24732.96293834092,10.11589216483645,0.08437479924704328
2025-06-30,CAT,Caterpillar,industrials,-0.07149508550706436,50408.964305108624,10.827924301440277,0.14485933948614826
2025-06-30,JPM,JPMorgan Chase,financials,-0.056838195575086625,98085.77772088659,11.493597657682228,0.011109142605096448
2025-07-31,XOM,Exxon Mobil,energy,-0.06551206396387202,22912.98339695105,10.03945898944646,-0.01619053652062609
2025-07-31,NEE,NextEra Energy,utilities,-0.032913535183779714,58987.7313873876,10.985084758678148,0.04910482966332463
2025-07-31,AAPL,Apple,technology,0.009832755849367613,75779.30545955441,11.235580519309615,0.030496786740100958
2025-07-31,MSFT,Microsoft,technology,-0.054712897730233995,93588.73406186527,11.446665292634616,0.02785760843354805
2025-07-31,TSLA,Tesla,automobiles,0.04756242142024039,63858.19755626427,11.064420240945047,0.2813930669045941
2025-07-31,DAL,Delta Air Lines,airlines,0.07649341213184982,58420.71659927565,10.975425842201243,0.15553370144962533
2025-07-31,WMT,Walmart,retail,-0.045018953280379456,77982.2014932991,11.264235893650001,0.09868767471128585
2025-07-31,DUK,Duke Energy,utilities,0.03851108482560607,51558.32377612018,10.85046894636407,0.11022966418559285
2025-07-31,CAT,Caterpillar,industrials,0.09401787672385745,23439.894785577413,10.06219475501097,0.21714831528708345
2025-07-31,JPM,JPMorgan Chase,financials,-0.08954098453065243,39915.713634253676,10.59452535076897,-0.08009821331632044
2025-08-31,XOM,Exxon Mobil,energy,0.024483700683102693,40649.66396477624,10.612745848392619,0.010721744640570517
2025-08-31,NEE,NextEra Energy,utilities,-0.0808362324293391,30096.204768774653,10.312154355371156,-0.039097127215513165
2025-08-31,AAPL,Apple,technology,-0.05434968232149484,45285.93627956892,10.72075180586459,-0.028427413592409027
2025-08-31,MSFT,Microsoft,technology,-0.058293277153678,37418.77836945217,10.529927952834782,-0.034614309985162156
2025-08-31,TSLA,Tesla,automobiles,-0.07126084931291694,63071.19731321611,11.052019483355991,0.16792325755598803
2025-08-31,DAL,Delta Air Lines,airlines,0.024094934111923455,61458.36210515665,11.026115185559703,0.156298580344105
2025-08-31,WMT,Walmart,retail,-0.10351874783868083,82383.46312676668,11.319140005547446,-0.01963422433408786
2025-08-31,DUK,Duke Energy,utilities,-0.024557687916015338,64311.9197454114,11.071500270112557,0.06913752664173858
2025-08-31,CAT,Caterpillar,industrials,-0.004339393787520678,34141.34442465303,10.438264375322719,0.18023667420650025
2025-08-31,JPM,JPMorgan Chase,financials,-0.04634507885168908,68725.61830022406,11.137877309722318,-0.11442856017056145
2025-09-30,XOM,Exxon Mobil,energy,0.2208299199440127,30037.44478113526,10.310200041712124,0.22994340288849763
2025-09-30,NEE,NextEra Energy,utilities,-0.02387043807144505,98688.28993332526,11.499721575356846,-0.05710299620463123
2025-09-30,AAPL,Apple,technology,-0.04269546441907353,40421.23737175523,10.60711060334791,-0.06685876597262119
2025-09-30,MSFT,Microsoft,technology,-0.017332064267015623,75892.97084187588,11.237079348316104,-0.04675422775440345
2025-09-30,TSLA,Tesla,automobiles,0.03598963860997993,47681.68938567315,10.772302732858043,0.17872440753256974
2025-09-30,DAL,Delta Air Lines,airlines,0.04432250941012291,41385.34151605974,10.630682027455551,0.17717630270261214
2025-09-30,WMT,Walmart,retail,-0.0271379982491861,135750.1723008566,11.818571507046622,-0.04382708893316078
2025-09-30,DUK,Duke Energy,utilities,0.0831109649185734,70288.65388008219,11.160365669041658,0.1418778625640512
2025-09-30,CAT,Caterpillar,industrials,0.029604354755327706,51788.073632559324,10.854915162984883,0.1828055278308529
2025-09-30,JPM,JPMorgan Chase,financials,-0.011780243427665964,23906.414302706482,10.08190208277828,-0.1090445195726432
2025-10-31,XOM,Exxon Mobil,energy,0.0019355194278372553,60711.93551882416,11.013895589000304,0.19738741188306025
2025-10-31,NEE,NextEra Energy,utilities,-0.0995275966359806,70501.04659204712,11.163382833967434,-0.14806514340991714
2025-10-31,AAPL,Apple,technology,-0.05452125369128196,52479.26654990568,10.868173447718206,-0.11135120476800997
2025-10-31,MSFT,Microsoft,technology,-0.06799750746844536,79870.80857520674,11.288165715501192,-0.1077386010596883
2025-10-31,TSLA,Tesla,automobiles,-0.1180950006012938,40418.021802564646,10.607031048705151,0.03382074580139047
2025-10-31,DAL,Delta Air Lines,airlines,-0.13315415593452412,54736.00177646371,10.91027693967251,0.017445701362696187
2025-10-31,WMT,Walmart,retail,-0.05071137961026578,46286.97853341793,10.74261595933973,-0.08796440520345244
2025-10-31,DUK,Duke Energy,utilities,-0.021400074756030653,62924.316804642534,11.04968796264847,0.09919610842341287
2025-10-31,CAT,Caterpillar,industrials,-0.021619435096410504,95145.06843846661,11.46315804204287,0.13376526355981447
2025-10-31,JPM,JPMorgan Chase,financials,-0.0014762390080659687,42597.378744080714,10.65954799853521,-0.09416408064481269
2025-11-30,XOM,Exxon Mobil,energy,0.004584014876348699,64767.20979233677,11.07855473254497,0.1723633149769499
2025-11-30,NEE,NextEra Energy,utilities,0.14566576300836556,44403.836562214674,10.701081153746157,0.019810391109935988
2025-11-30,AAPL,Apple,technology,0.11819653781771382,49817.069598111346,10.816112967297206,0.02354801376490534
2025-11-30,MSFT,Microsoft,technology,0.06723618035227952,85911.51466857428,11.36107314635288,-0.024341630548455534
2025-11-30,TSLA,Tesla,automobiles,0.11019915951535633,110070.5513044126,11.608876814675854,0.13894679344653824
2025-11-30,DAL,Delta Air Lines,airlines,0.09217887848424876,75340.09305400107,11.22976771636607,0.10700772464254052
2025-11-30,WMT,Walmart,retail,0.08337141579980244,80702.29587925972,11.298522303410481,0.008601671376867862
2025-11-30,DUK,Duke Energy,utilities,0.03625298776334107,50647.968832900944,10.832654406856946,0.12056967992324201
2025-11-30,CAT,Caterpillar,industrials,0.08209436519252733,41248.911758552385,10.627380009803975,0.19579483921836963
2025-11-30,JPM,JPMorgan Chase,financials,0.12201642662908377,75931.51935514997,11.237587151952427,0.041976958080992985
2025-12-31,XOM,Exxon Mobil,energy,0.015672618702903936,81391.37663205282,11.307024608197617,0.16218143643331134
2025-12-31,NEE,NextEra Energy,utilities,0.05184972641876692,54376.63327403182,10.90368980516345,0.0686885588622125
2025-12-31,AAPL,Apple,technology,0.11121585314477922,30039.985000837496,10.310284606571605,0.13123166484494875
2025-12-31,MSFT,Microsoft,technology,-0.06557887697325611,86555.70978126946,11.36854352932692,-0.08626926293944331
2025-12-31,TSLA,Tesla,automobiles,0.05490607001893753,65359.377485394994,11.087656205091266,0.17301084444849502
2025-12-31,DAL,Delta Air Lines,airlines,-0.016058154901372523,52673.52314697048,10.871868201202371,0.07489841104478692
2025-12-31,WMT,Walmart,retail,0.1474850732624972,81509.09327476558,11.30846986692855,0.1547964939328349
2025-12-31,DUK,Duke Energy,utilities,0.043585616796992466,44193.41749236902,10.696331131463271,0.14606984473174817
2025-12-31,CAT,Caterpillar,industrials,0.02208027315723015,26233.19149120124,10.174780738779994,0.18850588649284433
2025-12-31,JPM,JPMorgan Chase,financials,0.05466139325116656,81301.44653765098,11.305919087968649,0.0903418076200106
